scenario,year,wealth_gini,top_10_share,top_1_share,labour_tax_revenue,capital_tax_revenue,total_tax_revenue,total_transfers,pre_tax_labour_income_gini,disposable_income_gini,capital_income_gini,capital_income_share,avg_tax_rate_income_decile_1,avg_tax_rate_income_decile_2,avg_tax_rate_income_decile_3,avg_tax_rate_income_decile_4,avg_tax_rate_income_decile_5,avg_tax_rate_income_decile_6,avg_tax_rate_income_decile_7,avg_tax_rate_income_decile_8,avg_tax_rate_income_decile_9,avg_tax_rate_income_decile_10,avg_return_wealth_decile_1,avg_return_wealth_decile_2,avg_return_wealth_decile_3,avg_return_wealth_decile_4,avg_return_wealth_decile_5,avg_return_wealth_decile_6,avg_return_wealth_decile_7,avg_return_wealth_decile_8,avg_return_wealth_decile_9,avg_return_wealth_decile_10,avg_return_class_low,avg_return_class_medium,avg_return_class_high
flat,1.0,0.5599747569175029,0.4566740025543881,0.12389602365741063,1337957731.534157,115024697.3406164,1452982428.8747737,1452982428.8747735,0.2456559284321045,0.16763564136617592,0.6237710506428162,0.07913933544829244,0.3,0.3,0.3,0.30000000000000004,0.3,0.3,0.3,0.3,0.3,0.30000000000000004,0.0383026743207178,0.03784584342272458,0.03810101919210348,0.03810652050385528,0.038040776580262885,0.0377162165375062,0.0379839653383161,0.03920357006464528,0.03809728843543104,0.038217300151834104,0.020221986413946964,0.040177990271560854,0.06023964544530334
flat,2.0,0.5406677875658936,0.4436277584251489,0.11981192453116497,1359580856.5103304,122437401.48752603,1482018257.9978566,1482018257.9978561,0.2609831248425043,0.17788241352681666,0.6075976695539314,0.08258681399416012,0.29999999999999993,0.3,0.3,0.30000000000000004,0.29999999999999993,0.30000000000000004,0.3,0.29999999999999993,0.3,0.29999999999999993,0.03784138674405047,0.038274965952320626,0.03705394819144694,0.037190029023749,0.03833212650329021,0.03797324441854729,0.037986632717511765,0.03852911172662154,0.03769767958475997,0.038014235637670604,0.019721045692608734,0.03996312036339828,0.06016969282668495
flat,3.0,0.5238541654705149,0.43169389644500833,0.11598360771305491,1367756607.7076182,130640726.93158644,1498397334.6392045,1498397334.6392047,0.27223695147888405,0.18525742919425725,0.5912352965399208,0.08712331744611922,0.3,0.30000000000000004,0.3,0.30000000000000004,0.3,0.3,0.3,0.29999999999999993,0.3,0.3,0.037928370305278875,0.03745492406735488,0.037438707991462775,0.037376404647681466,0.038449430552401395,0.0376652000676371,0.03805210439615135,0.03882646110788936,0.037659176047532925,0.03826924313982194,0.01985932094425842,0.03993616364210337,0.06014200799573843
flat,4.0,0.5090817619014567,0.42068804777403024,0.1123700200538734,1378440563.6861427,138402397.45455706,1516842961.1406994,1516842961.140699,0.2788618161096772,0.1894953830982864,0.5761744969746996,0.09119699852624291,0.3,0.29999999999999993,0.29999999999999993,0.3,0.3,0.3,0.30000000000000004,0.29999999999999993,0.3,0.29999999999999993,0.0378611400054302,0.03776385664448787,0.03705239297057267,0.036742111398395755,0.03744908075978665,0.038155133513880245,0.038368109929551565,0.038892989431851904,0.0374355805871585,0.03836865775901073,0.019875802216190612,0.039836536024065505,0.05984930497875672
flat,5.0,0.4962366779765044,0.4106489431268841,0.10906960676040066,1389098508.7106254,148373099.03040704,1537471607.7410324,1537471607.741033,0.2868754319828144,0.1945777994157274,0.5702701364987148,0.0964316449635391,0.29999999999999993,0.3,0.3,0.3,0.3,0.3,0.3,0.30000000000000004,0.3,0.30000000000000004,0.0364361206312667,0.03767943655032754,0.03701210153586476,0.03660226385639737,0.03732803396756937,0.038002652615360275,0.037931889966907904,0.0392024811210414,0.03820624891124514,0.03873790726273707,0.019571417144069382,0.039726972042543975,0.06010765880672441
flat,6.0,0.4848971389928485,0.4013946541452953,0.10617498229687711,1396119018.9160519,159062861.95758426,1555181880.8736358,1555181880.8736358,0.29298590763742993,0.1983119039957717,0.5585531877398338,0.10222474603299506,0.30000000000000004,0.3,0.29999999999999993,0.29999999999999993,0.29999999999999993,0.3,0.3,0.3,0.3,0.3,0.0372468862872704,0.03735807341266491,0.0364804019914697,0.037547185084077825,0.037250780264305686,0.0384393386742052,0.039086543902529365,0.039361063773604966,0.03802776143849231,0.03905376903166215,0.019947276691774627,0.039991289420053165,0.06023813823839863
flat,7.0,0.4747899697989517,0.39284489968388364,0.10336473659799571,1403915490.4173663,168634990.9104757,1572550481.327842,1572550481.327842,0.2987231086373554,0.2018330637189476,0.5479981428283247,0.10718290648351622,0.29999999999999993,0.29999999999999993,0.3,0.30000000000000004,0.3,0.29999999999999993,0.30000000000000004,0.30000000000000004,0.3,0.3,0.03616802761557665,0.03724576293436076,0.03668498663085777,0.037264305274078584,0.03774010368843259,0.03909462251356661,0.03868583606986235,0.03958490618307161,0.03838322590251354,0.0393888115772308,0.019992693141172847,0.04012603366521396,0.0600265225631665
flat,8.0,0.4659574713736121,0.38518467696845266,0.1009215011110592,1406291705.3911095,180298464.9060899,1586590170.2971992,1586590170.2971992,0.30203269438431923,0.2035922140568318,0.5449207422960165,0.1135916330976944,0.3,0.3,0.3,0.30000000000000004,0.3,0.3,0.30000000000000004,0.3,0.3,0.3,0.035972872618133166,0.03719313676414845,0.03672826189371844,0.03666113143604592,0.038321564590810826,0.03850961897222505,0.03855944134869999,0.039466419888922244,0.03860619345108339,0.04002790160733946,0.02018184128594643,0.03991249573887337,0.060178852541791075
flat,9.0,0.4580955089682439,0.3781338611904686,0.09878439261812291,1413575775.2553217,192684997.4991476,1606260772.7544694,1606260772.7544694,0.3041145331549049,0.20451684488156952,0.5385666493828822,0.11991549000740884,0.3,0.30000000000000004,0.3,0.3,0.3,0.30000000000000004,0.30000000000000004,0.29999999999999993,0.3,0.30000000000000004,0.036252497410651195,0.03650777684315003,0.03654349747228964,0.03718982951883612,0.037835343812704765,0.03855325735781385,0.03931076066093787,0.04043104503504983,0.039347850228548725,0.040184835096392896,0.020450597771310003,0.04013468283254331,0.060274476562014206
flat,10.0,0.4508888956543864,0.3714856661129401,0.09665258940999252,1416538991.2800078,200346462.38802463,1616885453.6680326,1616885453.6680324,0.3064961886333517,0.2058145914227456,0.5291966802332839,0.12386449450619641,0.3,0.3,0.29999999999999993,0.29999999999999993,0.29999999999999993,0.3,0.30000000000000004,0.29999999999999993,0.3,0.30000000000000004,0.034613816698463695,0.03661818776879274,0.036697297460008146,0.03724754834870799,0.0380720338923736,0.03857645687443493,0.038793205585053246,0.04034124981529686,0.038860252887048856,0.039372146133989,0.020088115533104713,0.03977900348423166,0.06022657512192469
flat,11.0,0.4445763903052069,0.36562193278021077,0.09483991341139955,1417732272.2743511,214494668.54258895,1632226940.8169403,1632226940.8169403,0.3076620458488575,0.20601286660275298,0.5284332671181804,0.13135428868998186,0.3,0.3,0.3,0.30000000000000004,0.29999999999999993,0.3,0.3,0.29999999999999993,0.30000000000000004,0.29999999999999993,0.03474935063678143,0.03616614231795614,0.03701799269533569,0.03693757789395883,0.0383995019210405,0.03873578529811003,0.039161826677784166,0.040107601476478766,0.038924765226817905,0.04043172682884629,0.020119667052293993,0.040116170114408045,0.06005591750371835
flat,12.0,0.43876210621989387,0.3600574267544446,0.09297270475977217,1420719369.249034,225104353.5720961,1645823722.8211303,1645823722.82113,0.3099672833634286,0.20713148089056266,0.522131834149701,0.13673512796004464,0.3,0.3,0.3,0.3,0.3,0.3,0.30000000000000004,0.3000000000000001,0.3,0.3,0.03444488952531802,0.03626035980107159,0.03650490509337992,0.03683897753726485,0.0378125609204474,0.03909372497009894,0.03963811842266917,0.040330727667040885,0.039330589677160875,0.04024886983269211,0.020167130808008346,0.04004094132273818,0.06010835844485181
flat,13.0,0.4334611699303035,0.35487766265528037,0.09125754657250813,1422933537.1271694,236377346.56574816,1659310883.6929173,1659310883.6929173,0.30977478232880484,0.2065487979615539,0.5193618298411713,0.14239769836039928,0.30000000000000004,0.30000000000000004,0.29999999999999993,0.3,0.30000000000000004,0.29999999999999993,0.3,0.30000000000000004,0.29999999999999993,0.3,0.03357310245148266,0.03531665725254557,0.036304643863566244,0.03718710451188501,0.03791382558064538,0.03873447277250372,0.03951357759191865,0.040350799077994375,0.03943599655425669,0.040303906221220404,0.019937959080983416,0.03965304620873362,0.060489543556531765
flat,14.0,0.4286440734563439,0.3500919798852161,0.0896794585461851,1423765380.1864095,250672156.3382073,1674437536.5246172,1674437536.5246174,0.3102733787568499,0.20629509586210548,0.514653314451764,0.14966322851116262,0.3,0.30000000000000004,0.29999999999999993,0.3,0.29999999999999993,0.3,0.3,0.3,0.3,0.3,0.034010275547867196,0.035371579358036496,0.03632168649913676,0.037478774969002496,0.038168798983321,0.03891768693771834,0.03984202905325141,0.04085839711620282,0.03978817421334669,0.040708217463600725,0.020171654148460415,0.0401041138242041,0.06042608792906745
flat,15.0,0.4244218684755714,0.3458902771696534,0.0883145670166631,1428193599.481968,264028204.38273513,1692221803.8647027,1692221803.8647022,0.3138506610471419,0.20815127023552438,0.5163042732921144,0.15594969513922907,0.30000000000000004,0.29999999999999993,0.3,0.30000000000000004,0.3,0.3,0.30000000000000004,0.30000000000000004,0.30000000000000004,0.3,0.0339095127179214,0.03490820784162575,0.03637408120882196,0.036955839354844075,0.038205722130797606,0.03840179224474963,0.03894733575708069,0.04000048340882452,0.03956037098952529,0.04156481469826951,0.019992469476931073,0.03987064126021941,0.05995843692146039
flat,16.0,0.42049133848038456,0.34189707257297897,0.08701138031351027,1428222620.5057948,275819679.93166566,1704042300.4374604,1704042300.4374604,0.31321140542260717,0.20724119985500944,0.510828382131878,0.1617860572679172,0.3,0.3,0.29999999999999993,0.30000000000000004,0.3,0.30000000000000004,0.3,0.3,0.3,0.29999999999999993,0.034134760222976936,0.03494056304087668,0.03561579868219614,0.03693430159816924,0.03810556566008568,0.03915729864342447,0.0391325828109247,0.04039541621467118,0.03915461580032969,0.040921717501709615,0.01999235210810314,0.03985661712942259,0.05982528369162884
flat,17.0,0.41698919863601547,0.3383129077153421,0.085859185668252,1426379371.3687153,293307977.34081095,1719687348.709526,1719687348.7095258,0.3119934753921958,0.20570559184917125,0.5106374004656047,0.17048948864453053,0.3,0.3,0.3,0.3,0.3,0.3,0.29999999999999993,0.3,0.29999999999999993,0.3,0.03396082888424353,0.03446089021039955,0.03600920363623379,0.03696461749379181,0.037818982611563426,0.03950568329877682,0.039671704962277246,0.04081008995951668,0.03997573778653478,0.04187724232383399,0.020191827796354346,0.04016231599520861,0.060043246015316416
flat,18.0,0.4137878264058925,0.335028638954779,0.08479618494554869,1425821136.6116827,306241988.02746093,1732063124.6391437,1732063124.6391435,0.31108129031416376,0.20457513166128605,0.5091631510121355,0.17673904240976854,0.29999999999999993,0.3,0.29999999999999993,0.30000000000000004,0.29999999999999993,0.3,0.30000000000000004,0.30000000000000004,0.3,0.3,0.03277376080941226,0.0344455180129482,0.035787025468379675,0.0371211291212574,0.037871333228564154,0.03862502707297994,0.04010286138804692,0.04084484863188813,0.03933474945215252,0.04186677207689009,0.0198813895141105,0.03998685369893968,0.059807118087602626
flat,19.0,0.41093348594615087,0.3320000975384698,0.08381357235642148,1424590480.5726023,323111956.4294918,1747702437.0020938,1747702437.0020938,0.3119062879460761,0.20442470591863016,0.5088269121707176,0.1848222307906601,0.29999999999999993,0.29999999999999993,0.30000000000000004,0.3,0.3000000000000001,0.3,0.3,0.29999999999999993,0.3,0.3,0.03310117536759235,0.03391101111935066,0.035637178848600654,0.03706298731507563,0.03831631617030897,0.03859889953508848,0.03948906677740259,0.04132989358853675,0.040435347918774865,0.04227685722988229,0.020032104355290892,0.03999651918668054,0.06025084338354315
flat,20.0,0.40823821159937257,0.3292058839910854,0.08280069216490489,1426577457.8121266,337323879.7668271,1763901337.5789537,1763901337.5789535,0.31413633831288457,0.2053299411951499,0.5039720285673508,0.19114216914520016,0.3,0.3,0.3,0.3,0.3,0.3,0.3,0.3,0.3,0.30000000000000004,0.03352922256135937,0.03376619861771706,0.03631220092722793,0.037421015920291886,0.03767013182246144,0.038784691616919005,0.040217938099933195,0.04076485832062796,0.0399237503921058,0.04247986532421379,0.020265039587928788,0.039994742354760644,0.060260093830877444
flat,21.0,0.40583114309990087,0.3266240908236261,0.0818612442325978,1425085465.8219483,352319273.73396504,1777404739.5559132,1777404739.5559127,0.31414176192140975,0.20471586113731588,0.5031195018045704,0.198145556077237,0.30000000000000004,0.29999999999999993,0.29999999999999993,0.3,0.3,0.3,0.3,0.30000000000000004,0.3,0.29999999999999993,0.03245733504821059,0.03319525262211816,0.036170080189752284,0.03678053006118026,0.03792123630857252,0.03862963023561981,0.039595263796465885,0.04130756852881335,0.040345077528992045,0.042309276742098875,0.020008796954907745,0.03988376788861893,0.059842072573688024
flat,22.0,0.40363844831931184,0.324305411163242,0.08100765234399343,1424054941.734283,368494323.0007857,1792549264.7350686,1792549264.7350678,0.3149480384784695,0.20458207666021977,0.5037968696685191,0.20548333312543648,0.29999999999999993,0.3,0.30000000000000004,0.3,0.30000000000000004,0.29999999999999993,0.3,0.3,0.3,0.30000000000000004,0.032699219764350244,0.032843208002205034,0.035611914103904185,0.03718359634372698,0.03764278440196259,0.03876008682227135,0.03941201880516547,0.04113616869959012,0.04020173159634629,0.04265626456049603,0.020009183233879776,0.03980960189311377,0.0597442252836177
flat,23.0,0.40168572247162126,0.3222077776358475,0.08027939305977112,1427020711.4897406,390265043.80945957,1817285755.2992,1817285755.2991996,0.3178252597128186,0.20560858337217325,0.5021631865061371,0.21467345856153258,0.3,0.3,0.3,0.3,0.3,0.3,0.3,0.29999999999999993,0.3,0.3,0.03240373513975451,0.03246906526242584,0.03705811075381863,0.03697711399644518,0.038395547767229206,0.04023206134887808,0.039659714580521054,0.04168130560275854,0.040117452993719924,0.04325524955158178,0.02035392040987248,0.04032805620748394,0.05998194467795057
flat,24.0,0.3999121403120254,0.3202200474000304,0.07952175535278735,1429001460.18129,405507793.85348046,1834509254.0347703,1834509254.03477,0.31903824249890067,0.20580627372235383,0.5010974782333588,0.22097983047711084,0.3,0.3,0.3,0.30000000000000004,0.3,0.3,0.3,0.3,0.3,0.29999999999999993,0.03192233198779312,0.03270063606867962,0.03579330307022222,0.03693568180787697,0.03829266231191722,0.0391424586833526,0.040349991017256275,0.04135498019063542,0.040619304413648874,0.04318388027680616,0.02024104110027176,0.03998824810966735,0.06002407746366762
flat,25.0,0.3983724130024666,0.31847662754754574,0.07887944804493616,1425693987.9385223,424972051.3398937,1850666039.2784162,1850666039.2784157,0.31828558982521193,0.2045116151087938,0.5021829986403361,0.2295346064073156,0.3,0.3,0.3,0.29999999999999993,0.3,0.3,0.30000000000000004,0.3,0.29999999999999993,0.3,0.031833824295356465,0.03213080103865809,0.03592725823646194,0.036544557501840116,0.037421997901880825,0.039870265114154015,0.04046908824950922,0.04090434481067277,0.040937298565186304,0.04371351286712141,0.0201770281723297,0.040029619561346555,0.05974471661362902
flat,26.0,0.3969581285726753,0.31684784235598856,0.07824154593217203,1426709903.4977555,443021698.0589812,1869731601.5567365,1869731601.5567365,0.31877731518441066,0.20412835115891803,0.5006829813742515,0.23684980080029364,0.30000000000000004,0.3,0.29999999999999993,0.3,0.29999999999999993,0.29999999999999993,0.3,0.30000000000000004,0.3,0.3,0.0316354101273611,0.03244208006948294,0.03556588817936718,0.03641464603150746,0.03710636441959011,0.03926568072217576,0.04057389636338931,0.041601454162396204,0.040655907277150474,0.0441567121335513,0.020146540078970987,0.03984533033210912,0.06008515575015665
flat,27.0,0.39567711494457414,0.31536646087434317,0.07760565785392652,1427323654.0961075,461881630.8584199,1889205284.9545274,1889205284.9545279,0.3182920014784387,0.20308857512181766,0.5009003163502115,0.2443966746298066,0.30000000000000004,0.3,0.29999999999999993,0.30000000000000004,0.3,0.3,0.3,0.3,0.29999999999999993,0.3,0.031996434037063114,0.0322314675905878,0.036063864787678326,0.03643961918853441,0.037289628585469844,0.03936959862098868,0.0401779975616287,0.040955392204195265,0.04114538397356453,0.04391448147910219,0.019906610829769848,0.0401317281961095,0.059812611960616206
flat,28.0,0.39466690062346865,0.3141057574036367,0.07715371043496498,1430308487.4124522,484857151.4733674,1915165638.8858194,1915165638.8858194,0.3178866717793214,0.2019800385545516,0.5047146661270951,0.2530702452703082,0.3,0.3,0.29999999999999993,0.3,0.3,0.3,0.3,0.29999999999999993,0.3,0.29999999999999993,0.030544397897721835,0.03195148952766957,0.03520952461070763,0.03648997279562182,0.037115263248540815,0.039420617790389655,0.04030815304226352,0.04135234857486519,0.04146373325357034,0.04446467327495529,0.01982964419230014,0.03989586193128185,0.05988632026041299
flat,29.0,0.3937533937567408,0.31297886466535696,0.0767181594498395,1423326820.5942993,503779724.7707168,1927106545.3650157,1927106545.3650155,0.31537176401114797,0.19956925919708124,0.5049784420367573,0.26128730543563,0.3,0.3,0.30000000000000004,0.29999999999999993,0.3,0.3,0.3,0.29999999999999993,0.29999999999999993,0.3,0.030669319267559666,0.03161968110633225,0.035090803078407805,0.036485914387050754,0.03669729871045971,0.039339180347282225,0.04064251637034657,0.04129974365815432,0.04120529332044614,0.04463448604307237,0.019487326489386357,0.039878485870979315,0.06012838523646231
flat,30.0,0.3929679379231579,0.31199354446584904,0.07626087374336629,1425875324.5293832,527511457.704819,1953386782.2342021,1953386782.2342024,0.3164322566102815,0.19937461538354384,0.5028975774821969,0.26993612890835217,0.3,0.30000000000000004,0.3,0.30000000000000004,0.30000000000000004,0.3,0.3,0.3000000000000001,0.3,0.29999999999999993,0.029974011143618723,0.03287170823466273,0.03452550204191442,0.036628573938042204,0.03685773212966362,0.03965712352700045,0.04070864753116085,0.041433554065609175,0.04153498911187555,0.045210660986483915,0.01994144165863159,0.039968775113777194,0.06007780572108922
swedish_low_progressivity,1.0,0.5599372898456163,0.45666721946004907,0.12389651737556748,1337957731.5341573,115024697.3406164,1452982428.874774,1452982428.874774,0.2456559284321045,0.1621842205024291,0.6237710506428162,0.07913933544829244,0.29191595798263,0.2919159579826299,0.2919159579826299,0.2919159579826299,0.2919159579826299,0.2919159579826299,0.2919159579826299,0.2919159579826299,0.29426628975013286,0.330643864659019,0.0383026743207178,0.03784584342272458,0.03810101919210348,0.03810652050385528,0.038040776580262885,0.0377162165375062,0.0379839653383161,0.03920357006464528,0.03809728843543104,0.038217300151834104,0.020221986413946964,0.040177990271560854,0.06023964544530334
swedish_low_progressivity,2.0,0.5405034150828265,0.4436022792887228,0.11981314738766005,1369782846.2604926,122436149.07199529,1492218995.3324878,1492218995.3324876,0.2609831248425043,0.1705745682905424,0.6075647593113469,0.08258602988309682,0.2919159579826299,0.2919159579826299,0.29191595798263,0.29191595798263,0.29191595798263,0.2919159579826299,0.29191595798263,0.29191595798263,0.29573769102754827,0.33856166431395035,0.037866880448034296,0.03821310890869507,0.03707020811593792,0.037132969523288,0.03840794737053826,0.037967749480925565,0.037993469703497214,0.03852911172662154,0.03769651534935704,0.03801539987307353,0.019721045692608734,0.03996312036339828,0.06016969282668495
swedish_low_progressivity,3.0,0.5235083035248826,0.4316528502527253,0.11598531763829172,1383383664.5864153,130641177.92672466,1514024842.51314,1514024842.51314,0.27223695147888405,0.17703184261061522,0.5911166236728986,0.08712355272818133,0.2919159579826299,0.29191595798263,0.2919159579826299,0.29191595798263,0.2919159579826299,0.2919159579826299,0.2919159579826299,0.29191595798262987,0.2971365423687024,0.3420050300898207,0.03788492749414584,0.03754960486825437,0.03742969688089201,0.03738522717328526,0.03831185166517231,0.03775352178906369,0.038126171331775364,0.03874940529670454,0.037660372684096756,0.03826924313982194,0.01985932094425842,0.03993616364210337,0.06014200799573843
swedish_low_progressivity,4.0,0.5085217619538482,0.42063380166537695,0.11237341455599578,1399581166.395858,138403244.92225942,1537984411.3181176,1537984411.3181176,0.2788618161096772,0.18032003655134377,0.5759164822461214,0.09119742173845201,0.2919159579826299,0.29191595798263,0.2919159579826299,0.2919159579826299,0.29191595798263,0.29191595798263,0.29191595798263,0.2919159579826299,0.29818896882231294,0.3455743081836351,0.03785974847785361,0.03773580695397379,0.03700864394687451,0.03686825269576738,0.037374704287052966,0.03816846561351808,0.038398291095117484,0.03898792505824501,0.03726749413416418,0.03841972073755909,0.019875802216190612,0.039836536024065505,0.05984930497875672
swedish_low_progressivity,5.0,0.4954338355464589,0.41058189100629966,0.10907455578176815,1415746214.0718067,148371956.99765158,1564118171.0694582,1564118171.0694585,0.2868754319828144,0.1844897128465468,0.5698723915690709,0.09643090663382131,0.29191595798263,0.29191595798263,0.29191595798263,0.2919159579826299,0.2919159579826299,0.29191595798263,0.2919159579826299,0.29191610792768824,0.29973943876137044,0.34862667633301103,0.03646140655678553,0.03777926580267698,0.03691239083831043,0.03648602548304858,0.037395193602861455,0.03811134755688834,0.03784401811003109,0.0392061904004201,0.03817914299548155,0.03876415507221348,0.019571417144069382,0.039726972042543975,0.06010765880672441
swedish_low_progressivity,6.0,0.4838474552016243,0.4013199959954138,0.1061787840736189,1426586765.0797393,159056839.05613413,1585643604.1358733,1585643604.1358733,0.29298590763742993,0.18762831665656,0.5579719055063612,0.10222115865813636,0.29191595798263,0.29191595798263,0.2919159579826299,0.2919159579826299,0.2919159579826299,0.29191595798263,0.2919159579826299,0.2919443338686394,0.30094408379045007,0.35053581700071906,0.03724588544552413,0.0373556814989534,0.036528873784309274,0.037620924559643755,0.03707802164326219,0.03846817332799881,0.039074072604571755,0.03948860162422114,0.03790428343339397,0.039087285938404076,0.019947276691774627,0.039991289420053165,0.06023813823839863
swedish_low_progressivity,7.0,0.4734911571514475,0.3927494728542121,0.10336693776312202,1438510625.5962098,168635824.90589646,1607146450.5021067,1607146450.5021071,0.2987231086373554,0.1904805575060362,0.5472774954531263,0.10718331091414145,0.29191595798262987,0.2919159579826299,0.2919159579826299,0.2919159579826299,0.2919159579826299,0.2919159579826299,0.29191595798263004,0.2919912451357847,0.3015218023677583,0.35287965523074216,0.036237014618108306,0.03720196109461573,0.036676594840273975,0.03716370195469418,0.03768764105202059,0.03922168134763596,0.038675270102027454,0.03955636055358139,0.03843155124936288,0.039388811577230814,0.019992693141172847,0.04012603366521396,0.0600265225631665
swedish_low_progressivity,8.0,0.46441088944166453,0.3850470506331144,0.10092429139085701,1442823193.4526668,180294323.21768662,1623117516.6703534,1623117516.670353,0.30203269438431923,0.1919499202285937,0.5439982075735583,0.11358940170351707,0.2919159579826299,0.2919159579826299,0.2919159579826299,0.29191595798263004,0.29191595798263,0.29191595798263,0.29191595798263,0.2919966476590865,0.3021372068485364,0.3537300566257773,0.03599093903863233,0.03706073097271002,0.03680514714971,0.03679667323538867,0.03815186375479615,0.03839176195574792,0.03893373978754782,0.039408809767153816,0.038546821002508086,0.0399600559069321,0.02018184128594643,0.03991249573887337,0.060178852541791075
swedish_low_progressivity,9.0,0.456316638712045,0.37795675547046714,0.09878581510616946,1453031915.6534977,192678019.27920347,1645709934.932701,1645709934.932701,0.3041145331549049,0.19246025883976858,0.5375035105508086,0.11991160656968093,0.29191595798263004,0.29191595798263,0.29191595798263,0.29191595798263,0.29191595798263,0.29191595798263,0.2919159579826299,0.2920398794955337,0.30312310854340985,0.3551565051217681,0.0361560399635069,0.03656358526173988,0.03657888372195915,0.03712932671567015,0.03778942051216809,0.03862611884988114,0.039491222145038106,0.0401803084305123,0.03953171823292766,0.040110069602971525,0.020450597771310003,0.04013468283254331,0.060274476562014206
swedish_low_progressivity,10.0,0.44889303377654177,0.3712613905095021,0.09665136900875726,1457990180.398329,200347744.45936036,1658337924.8576891,1658337924.8576891,0.3064961886333517,0.19348708242431845,0.5279837244777534,0.1238652813084292,0.29191595798263,0.2919159579826299,0.2919159579826299,0.2919159579826299,0.2919159579826299,0.29191595798263,0.29191595798263,0.29207451028249554,0.3045679200667827,0.355678010390044,0.03470492194488128,0.03654026805624174,0.03678770527573649,0.03723842577721791,0.03769509079556606,0.038869233394940514,0.03860938557999856,0.040399856067416605,0.0389913845989046,0.03935592397326531,0.020088115533104713,0.03977900348423166,0.06022657512192469
swedish_low_progressivity,11.0,0.44237145055736504,0.3653418243968326,0.09483724618985839,1459821763.1295059,214498393.4831672,1674320156.6126728,1674320156.6126728,0.3076620458488575,0.19358017225477586,0.527086101175658,0.13135603034656404,0.29191595798263,0.2919159579826299,0.29191595798263,0.29191595798263,0.2919159579826299,0.29191595798263,0.29191595798263,0.29207568620379587,0.30370402019112125,0.3563877901633746,0.034644284655450254,0.036112068408939296,0.03708678933501369,0.03692999061015144,0.038275266669719823,0.0389734470315067,0.03905173775662872,0.04018810467314766,0.03900168171881454,0.04036890011373762,0.020119667052293993,0.040116170114408045,0.06005591750371835
swedish_low_progressivity,12.0,0.4363630047579812,0.35972891076595376,0.09297018232126836,1464586026.8345332,225113628.1386025,1689699654.9731355,1689699654.9731355,0.3099672833634286,0.1944504805824756,0.5206406681506892,0.13674038732984056,0.2919159579826299,0.2919159579826299,0.2919159579826299,0.29191595798263,0.29191595798263,0.29191595798263,0.29191595798263,0.29209175866714226,0.3046031121466696,0.35697601944795715,0.03444765988129609,0.036230137239406504,0.03664213927811568,0.03669533004116893,0.037618516647739894,0.03934478009664369,0.03959522946447548,0.040235193397905746,0.03951328227592725,0.040181455124464464,0.020167130808008346,0.04004094132273818,0.06010835844485181
swedish_low_progressivity,13.0,0.4308848063523618,0.3545139958940445,0.09125529271493407,1466788780.604628,236361136.66390693,1703149917.268535,1703149917.2685347,0.30977478232880484,0.19389535248193468,0.5177119458297561,0.14238924379714502,0.29191595798263004,0.29191595798263,0.2919159579826299,0.2919159579826299,0.2919159579826299,0.29191595798263,0.29191595798263,0.29210726450542346,0.3040916313241568,0.3572278215350578,0.03356771983883789,0.035354165239474655,0.036237289983990506,0.037083312457858994,0.038075662256323854,0.038650938532236924,0.039653301269104574,0.04040678727919027,0.03929810506125557,0.04030680395974544,0.019937959080983416,0.03965304620873362,0.060489543556531765
swedish_low_progressivity,14.0,0.4258974364746484,0.3496742966662899,0.08967693166822235,1468311573.8184378,250657406.80838794,1718968980.6268256,1718968980.6268256,0.3102733787568499,0.19354177952896867,0.5128956842589176,0.14965559422220062,0.29191595798263,0.29191595798263,0.29191595798263,0.2919159579826299,0.2919159579826299,0.2919159579826299,0.2919159579826299,0.2920738869727948,0.3041106812542546,0.35756160131872533,0.03397587135833696,0.03538411277960154,0.036449513884387046,0.03727464197958255,0.03821736751216919,0.038722141691883954,0.03997889342715709,0.040878008880217684,0.03987206772181819,0.040713000906329753,0.020171654148460415,0.0401041138242041,0.06042608792906745
swedish_low_progressivity,15.0,0.4215048065770457,0.34538194481491286,0.08830939692640188,1475588275.19036,263994851.36727852,1739583126.5576384,1739583126.5576386,0.3138506610471419,0.19497361339421548,0.514398305327938,0.15593301626373646,0.2919159579826299,0.2919159579826299,0.29191595798263,0.29191595798263004,0.2919159579826299,0.29191595798263,0.29191595798263004,0.29210020023423844,0.304605554412214,0.35888385603943646,0.03390895668526474,0.03481547557448334,0.03633965741526925,0.03719678224969403,0.038048425191453385,0.03825856005269006,0.03891869384548266,0.04032075268019809,0.0395835205509765,0.0414373361069484,0.019992469476931073,0.03987064126021941,0.05995843692146039
swedish_low_progressivity,16.0,0.41741984662780296,0.34131262682118907,0.08700506329781722,1474935723.524562,275814739.9717498,1750750463.4963114,1750750463.4963117,0.31321140542260717,0.19423523713211388,0.5088496894126835,0.16178377518144055,0.29191595798263004,0.29191595798263,0.2919159579826299,0.29191595798263,0.29191595798263,0.29191595798263,0.29191595798263,0.2921058918622721,0.3050410975014355,0.3583799402841188,0.03412485086985596,0.03493817258918816,0.03564622863233809,0.036745543869845576,0.03829534238016104,0.038765678776910076,0.03906312028080817,0.040678878946211354,0.03930061714673025,0.04093418668331565,0.01999235210810314,0.03985661712942259,0.05982528369162884
swedish_low_progressivity,17.0,0.41378531833062104,0.33767321300447206,0.0858520056502966,1471761173.155691,293282175.4975124,1765043348.6532032,1765043348.6532032,0.3119934753921958,0.1929739080305588,0.5085662281721248,0.1704771282105382,0.29191595798263,0.29191595798263004,0.2919159579826299,0.2919159579826299,0.29191595798263,0.29191595798263,0.2919159579826299,0.29215271597603193,0.30498178106974966,0.3576733090323134,0.033983023216224414,0.0343968390578886,0.03591063766675551,0.03701913849378638,0.03800888194777762,0.03915619350382764,0.03961439084890294,0.04103839632575396,0.040075298432781126,0.04185218167347346,0.020191827796354346,0.04016231599520861,0.060043246015316416
swedish_low_progressivity,18.0,0.41046644295589885,0.33430737085506756,0.0847883437658262,1470531989.4475765,306238299.67686296,1776770289.1244397,1776770289.1244397,0.31108129031416376,0.19197262769745294,0.5070175004111603,0.17673753484967197,0.2919159579826299,0.2919159579826299,0.2919159579826299,0.29191595798263,0.2919159579826299,0.2919159579826299,0.29191595798263,0.2921043673695845,0.3045363436496086,0.3575070005686099,0.032715206969529384,0.03448914264164739,0.03578766187561271,0.03691723778995608,0.038141364656135913,0.03838353408961679,0.040193857065278504,0.040671666104293874,0.03983297791957876,0.04164037615086986,0.0198813895141105,0.03998685369893968,0.059807118087602626
swedish_low_progressivity,19.0,0.4074979387154618,0.3312180073638547,0.08380597375828731,1470392711.1357853,323046914.0272347,1793439625.1630201,1793439625.1630206,0.3119062879460761,0.19166127974230895,0.5065479461632318,0.18479167007798086,0.2919159579826299,0.29191595798263,0.29191595798263,0.29191595798263,0.29191595798263004,0.29191595798263,0.29191595798263,0.2920864883262353,0.3045947568714692,0.3580433365456411,0.033259347373813364,0.03381900561747118,0.035581528534314386,0.036854192429256444,0.03838379251805859,0.03823254062434639,0.03985918487609097,0.04125459426675439,0.04072397898860429,0.04219056864190324,0.020032104355290892,0.03999651918668054,0.06025084338354315
swedish_low_progressivity,20.0,0.4046936573602564,0.3283319693082407,0.08279449722262025,1473658402.306241,337338071.14744645,1810996473.4536874,1810996473.4536874,0.31413633831288457,0.19237751061831765,0.5017010916077629,0.19114859684479954,0.29191595798263,0.29191595798263,0.29191595798263,0.29191595798263,0.29191595798263,0.29191595798263,0.29191595798263,0.2920965916778709,0.3042169811614816,0.3588809400600323,0.03355879844733025,0.03371788516501682,0.036394267773483306,0.03728932026626982,0.03752484704354326,0.03848335981754405,0.04052812900028799,0.04073778382724248,0.0401421812415724,0.04249330102056706,0.020265039587928788,0.039994742354760644,0.060260093830877444
swedish_low_progressivity,21.0,0.40218599160489155,0.3256381964462894,0.08185883811217257,1471772939.6969714,352329109.3670668,1824102049.0640383,1824102049.0640388,0.31414176192140975,0.19188640397121937,0.5008168916526246,0.19815030892137708,0.29191595798263,0.2919159579826299,0.29191595798263,0.29191595798263,0.2919159579826299,0.2919159579826299,0.29191595798263,0.29210138017151377,0.3044417580292454,0.358582817141753,0.03240691679406616,0.033233347675691464,0.035972734722453936,0.03684350419387186,0.03789781735614217,0.03849713410548426,0.03978903170126651,0.041089979159660346,0.04072684325023611,0.042253942102950956,0.020008796954907745,0.03988376788861893,0.059842072573688024
swedish_low_progressivity,22.0,0.39990482371958014,0.3232133980290588,0.08100527921889082,1470313403.6810389,368488453.7396333,1838801857.420672,1838801857.420672,0.3149480384784695,0.19187688715056006,0.5014123568423894,0.20548085092699628,0.2919159579826299,0.29191595798263,0.29191595798263,0.2919159579826299,0.29191595798263,0.2919159579826299,0.2919159579826299,0.2921173976923698,0.30492593048018063,0.3580782779616602,0.0326730048151944,0.03265659428003324,0.035663805449136714,0.03711298199647237,0.03757526447468983,0.03882468872547077,0.03951869959874722,0.04105766710164489,0.040419355778334096,0.04264493088029473,0.020009183233879776,0.03980960189311377,0.0597442252836177
swedish_low_progressivity,23.0,0.3978663280936241,0.32102765031631103,0.0802779587114198,1476411203.7752478,390284063.1846907,1866695266.9599385,1866695266.9599378,0.3178252597128186,0.19246992745993552,0.49976009459170023,0.21468180672037093,0.2919159579826299,0.29191595798263,0.29191595798263,0.2919159579826299,0.29191595798263,0.2919159579826299,0.2919159579826299,0.2921559510752096,0.3058677221527919,0.3594058791843942,0.03239674905666389,0.032541600294163385,0.036789446622082216,0.037114469252871006,0.03824741299458717,0.04000652077926246,0.03975653879595649,0.04179438913860117,0.04043192846360911,0.043170301599335874,0.02035392040987248,0.04032805620748394,0.05998194467795057
swedish_low_progressivity,24.0,0.3960098684637059,0.31894793239116864,0.07951553951571821,1479017564.389784,405510936.11519086,1884528500.5049748,1884528500.5049748,0.31903824249890067,0.192562081207168,0.49859837614376534,0.22098120492605278,0.2919159579826299,0.2919159579826299,0.29191595798263,0.29191595798263,0.2919159579826299,0.2919159579826299,0.29191595798263,0.29212459719215045,0.30482858433801374,0.36008219503436206,0.03191548668601182,0.03263009488392376,0.035755516588961214,0.03684370715504732,0.03832206027980932,0.03903489004484923,0.040427414151260124,0.041282247523576385,0.04093460021191052,0.043149212302838816,0.02024104110027176,0.03998824810966735,0.06002407746366762
swedish_low_progressivity,25.0,0.39439647493148255,0.3171053522879088,0.07887362276710157,1475247531.750987,424925192.347118,1900172724.0981052,1900172724.0981054,0.31828558982521193,0.19139401802659917,0.4996451033753142,0.2295148362807514,0.29191595798263,0.2919159579826299,0.29191595798263,0.2919159579826299,0.2919159579826299,0.29191595798263,0.29191595798263,0.2921154212366273,0.30470497489089654,0.35995232351437917,0.03181241869784709,0.03209485509680445,0.03591489975126278,0.036452886061685424,0.03731279123114129,0.03958298566321735,0.04072600576273849,0.04084869049317637,0.04140532483647873,0.04360209098648919,0.0201770281723297,0.040029619561346555,0.05974471661362902
swedish_low_progressivity,26.0,0.3929192026040458,0.31540901985375275,0.07822996615221312,1476134522.8285265,442959544.7700418,1919094067.5985684,1919094067.598568,0.31877731518441066,0.19108841596675674,0.4980491680060508,0.23682414889927397,0.29191595798263,0.29191595798263,0.2919159579826299,0.29191595798263,0.2919159579826299,0.2919159579826299,0.2919159579826299,0.2920824508014474,0.30525813276151215,0.3596230659093773,0.03174032114478905,0.032374649777658984,0.03521784984027956,0.03647640477001453,0.03738805212131763,0.0388384023626365,0.04051889605857167,0.04176100857100844,0.04103283691750491,0.04406961792219055,0.020146540078970987,0.03984533033210912,0.06008515575015665
swedish_low_progressivity,27.0,0.3915792445540043,0.31384198353097637,0.07759438571954007,1476579297.319921,461869907.8669224,1938449205.1868434,1938449205.1868432,0.3182920014784387,0.19008018049546394,0.4982959554741542,0.24439226667368605,0.29191595798263,0.2919159579826299,0.29191595798263,0.29191595798263,0.29191595798263,0.2919159579826299,0.2919159579826299,0.29210373170405757,0.3042577313977458,0.359907988953862,0.03187453161508181,0.032399614617278,0.03578411178386981,0.03649250318344621,0.03724711813912269,0.03933043664944953,0.040056409282190154,0.04145649819403525,0.04098276880263359,0.043959875761705784,0.019906610829769848,0.0401317281961095,0.059812611960616206
swedish_low_progressivity,28.0,0.39051651375233676,0.31250790318955934,0.07714425088492916,1479791845.942978,484776185.06360966,1964568031.006588,1964568031.0065873,0.3178866717793214,0.18903077518909228,0.5020757894858408,0.25303827668911627,0.29191595798263,0.29191595798263,0.2919159579826299,0.29191595798263,0.29191595798263,0.29191595798263,0.2919159579826299,0.2921287943654555,0.30489332343040637,0.3598063638280888,0.030481201781130837,0.031966028328289396,0.03503002660585983,0.03660031460076493,0.037166340231483845,0.03908880099507455,0.04023892212579712,0.041503653810446926,0.04178825198537921,0.04445663355207902,0.01982964419230014,0.03989586193128185,0.05988632026041299
swedish_low_progressivity,29.0,0.3895621260915225,0.3113013665208726,0.07670962134990449,1469866856.6494625,503767301.9904396,1973634158.6399019,1973634158.6399026,0.31537176401114797,0.18713327020374915,0.5023556088507677,0.26128318229076014,0.29191595798263,0.29191595798263,0.29191595798263,0.29191595798262987,0.29191595798263,0.2919159579826299,0.29191595798263004,0.292122882318922,0.3048633878752171,0.3582486344104653,0.03052754772539312,0.0317176856767396,0.03508036209888934,0.03623124223240203,0.036768481123254905,0.039379989978870766,0.040209414966689484,0.041808127024142494,0.04145742529722729,0.0445039601655028,0.019487326489386357,0.039878485870979315,0.06012838523646231
swedish_low_progressivity,30.0,0.3887407474216964,0.3102146211357672,0.07624732663196813,1474407464.1638684,527566261.96364117,2001973726.1275096,2001973726.1275103,0.3164322566102815,0.18666951026257705,0.5003018065356688,0.269957161313586,0.2919159579826299,0.2919159579826299,0.29191595798263,0.29191595798263004,0.29191595798263,0.29191595798263,0.29191595798263,0.2920758590743979,0.30512864166561937,0.3592202218654663,0.029784395231243637,0.03304006754572244,0.03447818288741749,0.03646488494905138,0.03687048300666916,0.039370297134573545,0.040503127383350615,0.04184523291350133,0.041959362930836706,0.04508646872766534,0.01994144165863159,0.039968775113777194,0.06007780572108922
swedish_baseline_progressivity,1.0,0.5598643631719302,0.4566634724342805,0.12389742015848261,1337957731.5341568,115024697.3406164,1452982428.874773,1452982428.8747733,0.2456559284321045,0.14494521481306388,0.6237710506428162,0.07913933544829244,0.26072959554879566,0.2607295955487957,0.26072959554879566,0.26072959554879566,0.26072959554879566,0.2612473743481658,0.26816758061089774,0.2836191184923786,0.31795769399111057,0.3974992347401026,0.0383026743207178,0.03784584342272458,0.03810101919210348,0.03810652050385528,0.038040776580262885,0.0377162165375062,0.0379839653383161,0.03920357006464528,0.03809728843543104,0.038217300151834104,0.020221986413946964,0.040177990271560854,0.06023964544530334
swedish_baseline_progressivity,2.0,0.5401892987619574,0.4435614074180638,0.11981450825490556,1384192235.408022,122434668.32450487,1506626903.7325263,1506626903.7325263,0.2609831248425043,0.1514307193048665,0.6074965237309045,0.08258510167962985,0.26072959554879566,0.26072959554879566,0.26072959554879566,0.2607295955487957,0.26072959554879566,0.2613989088825192,0.2694894549031392,0.28625408152371,0.32600603045106535,0.40873525523745424,0.03769908388574856,0.03819360628833488,0.03737250597922121,0.03710823161437872,0.03839158317948892,0.037843746802139554,0.03818607468332161,0.038409797530633984,0.037707517633315125,0.037981212903385866,0.019721045692608734,0.03996312036339828,0.06016969282668495
swedish_baseline_progressivity,3.0,0.5228678656304337,0.43159122493111335,0.11598833501042623,1407381429.9167457,130643556.09342243,1538024986.0101678,1538024986.0101676,0.27223695147888405,0.1567693112766244,0.5908829727544997,0.08712491042582772,0.26072959554879566,0.2607295955487957,0.26072959554879566,0.26072959554879566,0.26072959554879566,0.2614217776080099,0.26999115771025983,0.2884945053076824,0.3331646104242152,0.41320798435153105,0.03777847122436583,0.037723861223635115,0.03742576401615149,0.03729457468104736,0.03851538162530791,0.03750948028719072,0.038207647565102365,0.03877136599993776,0.03759170019423976,0.038301775506233766,0.01985932094425842,0.03993616364210337,0.06014200799573843
swedish_baseline_progressivity,4.0,0.5075015130691296,0.420552545029132,0.11237979022385639,1429573434.4508805,138405522.45627555,1567978956.907156,1567978956.907156,0.2788618161096772,0.15930854054521304,0.575418181577662,0.0911986954580152,0.26072959554879566,0.26072959554879566,0.2607295955487956,0.26072959554879566,0.2607295955487957,0.2615741020083133,0.27025843564580215,0.2892050363036686,0.33694655294412296,0.41777418570671837,0.03781986026435804,0.037761791086991445,0.037043234997606214,0.0367140600085857,0.03755612285723419,0.038356122618087136,0.0381497938723332,0.03895444513753165,0.03726037979446626,0.03847324236293226,0.019875802216190612,0.039836536024065505,0.05984930497875672
swedish_baseline_progressivity,5.0,0.49398869725077854,0.41048220656251627,0.1090801527545252,1453292175.582422,148374027.7586214,1601666203.3410435,1601666203.3410435,0.2868754319828144,0.16260825731329742,0.5691294612054172,0.09643203149511903,0.26072959554879566,0.2607295955487957,0.26072959554879566,0.26072959554879566,0.26072959554879566,0.2615163718180426,0.2705912460764616,0.29145967100214687,0.3421224511431325,0.42154317614135206,0.03656123892987105,0.03773793453149473,0.036647856868357594,0.03629073226865032,0.03778859186924031,0.0379584911397874,0.038091841422568905,0.03905919622619148,0.038134625002145796,0.03886862816040994,0.019571417144069382,0.039726972042543975,0.06010765880672441
swedish_baseline_progressivity,6.0,0.4819802469074981,0.40120945688453297,0.10618127975385262,1470353768.3566172,159051288.3278662,1629405056.6844833,1629405056.684483,0.29298590763742993,0.16509010814813885,0.5569193060734983,0.10221769469214906,0.2607295955487957,0.26072959554879566,0.2607295955487956,0.26072959554879566,0.26072959554879566,0.26150069332042236,0.27149734807099374,0.2933062671264653,0.34600229676411265,0.42410100475066376,0.03732128264589536,0.03724786813761536,0.036491133483415365,0.03717337800237345,0.037635975739508436,0.038391129456441596,0.03899482609180933,0.039518062892329946,0.0380100387629048,0.03906810864798885,0.019947276691774627,0.039991289420053165,0.06023813823839863
swedish_baseline_progressivity,7.0,0.471202429503526,0.3926198385803423,0.10336884297073866,1487300183.9204764,168643182.04851627,1655943365.9689927,1655943365.9689922,0.2987231086373554,0.16743934521900639,0.5459920081932756,0.10718737862740868,0.2607295955487956,0.26072959554879566,0.26072959554879566,0.2607295955487957,0.2607295955487956,0.261720407223173,0.27234282435266066,0.2951348886567848,0.3476470446573799,0.42698864812575293,0.036316402466905276,0.036926980364742776,0.036782499058107855,0.03688111743625733,0.038034458264162456,0.038872643967026436,0.03899612289423537,0.039724673487177495,0.03832704353379472,0.03937864691714157,0.019992693141172847,0.04012603366521396,0.0600265225631665
swedish_baseline_progressivity,8.0,0.4617033273210285,0.3848930721058424,0.10092736016454348,1494285809.71798,180290435.49720153,1674576245.2151814,1674576245.2151814,0.30203269438431923,0.16864407147419502,0.5423651834277432,0.11358740480763568,0.26072959554879566,0.26072959554879566,0.26072959554879566,0.2607295955487957,0.2607295955487957,0.261636832882107,0.27235846245004314,0.2958868199189393,0.3491981951357268,0.4282166480818975,0.0360674287769468,0.036799050306803846,0.03702515105712661,0.03640531796583216,0.038302798846394336,0.03834536311273796,0.039171267192128774,0.039395345236913584,0.03856108570158038,0.039973734374662485,0.02018184128594643,0.03991249573887337,0.060178852541791075
swedish_baseline_progressivity,9.0,0.4532218629057583,0.37775987085384805,0.0987895754882864,1507553804.1510606,192673457.03446263,1700227261.185523,1700227261.1855233,0.3041145331549049,0.16887923208161038,0.5356725099915656,0.11990904960246374,0.2607295955487957,0.26072959554879566,0.26072959554879566,0.26072959554879566,0.2607295955487957,0.26170751336703557,0.27258163698950805,0.2969217662898541,0.35145433752475963,0.4299114990460335,0.036175409459222284,0.03664752306392587,0.036629174575356145,0.03678786813845239,0.03784542496979716,0.038385263718367695,0.03987966018700841,0.040078147013406173,0.039597816499220444,0.04013040581161833,0.020450597771310003,0.04013468283254331,0.060274476562014206
swedish_baseline_progressivity,10.0,0.4454307675442952,0.37100434574248503,0.09665140165792382,1515189289.2776024,200350037.83591145,1715539327.113514,1715539327.1135137,0.3064961886333517,0.16962627748722925,0.5258831710065681,0.12386673109712962,0.26072959554879566,0.26072959554879566,0.26072959554879566,0.26072959554879566,0.2607295955487956,0.26167441071826314,0.27227786007061194,0.2975152921716609,0.35491332991514185,0.43048218720853054,0.034799489265020314,0.03641857126969751,0.0366780534678288,0.03731915212355885,0.03753045096785376,0.03851615868639807,0.03905116372754762,0.0403704004101918,0.039116892379085125,0.03939186316698725,0.020088115533104713,0.03977900348423166,0.06022657512192469
swedish_baseline_progressivity,11.0,0.4385685997197948,0.3650234168911075,0.0948351087517318,1516852384.381392,214511602.37446624,1731363986.7558584,1731363986.755858,0.3076620458488575,0.1697941290472682,0.5248252188299767,0.13136238863255476,0.26072959554879566,0.26072959554879566,0.26072959554879566,0.2607295955487957,0.2607295955487956,0.2617685948967484,0.272265263668132,0.2972893030538116,0.3531431743235581,0.4313636245168418,0.03487060174525623,0.03599256839817927,0.03673096070259761,0.03735793370402207,0.03772734205028931,0.038811147655184966,0.039394653689974905,0.04023738798176832,0.039192979425143146,0.04031669562069392,0.020119667052293993,0.040116170114408045,0.06005591750371835
swedish_baseline_progressivity,12.0,0.4322437637908576,0.35934643335321464,0.09296801753268669,1523745219.3134017,225122462.18124652,1748867681.4946485,1748867681.4946485,0.3099672833634286,0.17048244086135833,0.5180999878815833,0.1367454700590544,0.26072959554879566,0.26072959554879566,0.26072959554879566,0.2607295955487957,0.2607295955487957,0.2618990465663516,0.2727665798929178,0.2975297368133333,0.3546812975853836,0.43224792021869723,0.034367492534471994,0.03615779585243074,0.03684931573882517,0.03678885284999533,0.03715745495395109,0.039246081142526534,0.039555837575384986,0.04042534122165514,0.03971022417083895,0.040245327407063824,0.020167130808008346,0.04004094132273818,0.06010835844485181
swedish_baseline_progressivity,13.0,0.4264755848688506,0.35406348980772623,0.09125374737441211,1526139899.1256204,236347311.6935497,1762487210.81917,1762487210.8191702,0.30977478232880484,0.16998543435572833,0.5149759887197238,0.14238195877929913,0.2607295955487957,0.2607295955487957,0.26072959554879566,0.26072959554879566,0.26072959554879566,0.26198124500076625,0.27267494987843277,0.29829836432825446,0.3540613318058985,0.43239462067273937,0.033730407470135275,0.03497795028004004,0.036031949616079556,0.03749619049631538,0.03758922794086519,0.038683237125882196,0.03977486682969823,0.04042181401990823,0.03987272270772872,0.04005571939136585,0.019937959080983416,0.03965304620873362,0.060489543556531765
swedish_baseline_progressivity,14.0,0.4212223952863776,0.3491908162779384,0.08967667306953368,1527572233.0779119,250641527.74541414,1778213760.8233259,1778213760.8233266,0.3102733787568499,0.16967285028035017,0.5099760480637918,0.14964719088839595,0.26072959554879566,0.26072959554879566,0.26072959554879566,0.2607295955487956,0.26072959554879566,0.2618949939983414,0.2730935677759847,0.2973156794262027,0.35375144783563633,0.43289379478081996,0.0340785238196786,0.03511737031270461,0.03636843821106196,0.03725107861077043,0.038167829699352764,0.038679768341003,0.04018051115165356,0.040670937124310254,0.04024839369592947,0.0407027691750193,0.020171654148460415,0.0401041138242041,0.06042608792906745
swedish_baseline_progressivity,15.0,0.41657068400333297,0.3448396214726272,0.08830827650683439,1537879446.0964396,263972430.23143938,1801851876.327879,1801851876.3278794,0.3138506610471419,0.17081931518965265,0.5112926568502751,0.1559217802832268,0.26072959554879566,0.26072959554879566,0.26072959554879566,0.26072959554879566,0.26072959554879566,0.26200286487008306,0.27324686781599644,0.2980464008098753,0.3549496840602827,0.4345667414924109,0.034009067988333794,0.03466885253434036,0.036289978962937036,0.03692464254883724,0.03818379595278928,0.03806774187500674,0.03909409046120634,0.04029736321903939,0.039863690598627044,0.041428936211343186,0.019992469476931073,0.03987064126021941,0.05995843692146039
swedish_baseline_progressivity,16.0,0.41225555279977644,0.34070742698133133,0.08700516455375058,1536986681.3522058,275824408.55746084,1812811089.9096663,1812811089.9096665,0.31321140542260717,0.1702068478355181,0.5055885050753899,0.1617889390156358,0.26072959554879566,0.26072959554879566,0.26072959554879566,0.2607295955487957,0.2607295955487957,0.2619729557382387,0.27343109332261784,0.29807545530789814,0.35582181890901354,0.43394510892385496,0.03424397288127259,0.0345614403429375,0.03588914825495195,0.03654849670363693,0.03789122698598977,0.03920445926451946,0.03864278139865139,0.04073875428455861,0.03996670036378846,0.04080563969505765,0.01999235210810314,0.03985661712942259,0.05982528369162884
swedish_baseline_progressivity,17.0,0.40841617665446717,0.3369656565040595,0.08584797938923104,1533701959.7471323,293261968.91024524,1826963928.6573775,1826963928.6573775,0.3119934753921958,0.1690779584169133,0.5051863335637479,0.1704675141848686,0.2607295955487957,0.26072959554879566,0.26072959554879566,0.26072959554879566,0.2607295955487957,0.26190152266989875,0.27350283641925727,0.2992316419647462,0.35587061438978546,0.43300482489332925,0.03399295269665934,0.03432942786750109,0.03582717954241665,0.036994675917502676,0.037920683448504064,0.039157258881031706,0.03962362320917486,0.04067356856793644,0.04095060501072024,0.0415850060257246,0.020191827796354346,0.04016231599520861,0.060043246015316416
swedish_baseline_progressivity,18.0,0.40491754153818893,0.3335169006566882,0.08478332868390524,1531447692.4957154,306233389.9922358,1837681082.4879513,1837681082.4879508,0.31108129031416376,0.1682556337420409,0.5035058716238823,0.17673543518037757,0.26072959554879566,0.2607295955487957,0.26072959554879566,0.2607295955487957,0.26072959554879566,0.26214231990619435,0.27367172148631713,0.29844420737999006,0.3548348350738481,0.43290683891752724,0.03282787364119868,0.03429275518814587,0.035944629969099334,0.03657270419543566,0.03787797193137489,0.03803955285037872,0.04056826485867637,0.04071583104323485,0.04039100106891122,0.04154244051606368,0.0198813895141105,0.03998685369893968,0.059807118087602626
swedish_baseline_progressivity,19.0,0.40178062396307435,0.33032364460318375,0.08380626164139995,1530827375.6740797,322980742.3603279,1853808118.0344076,1853808118.0344071,0.3119062879460761,0.16798633445087297,0.5028915817541233,0.18476050630998542,0.26072959554879566,0.26072959554879566,0.2607295955487957,0.26072959554879566,0.2607295955487957,0.26184038570928575,0.2727865952433898,0.2975788683259265,0.35473047144836917,0.4335154445981123,0.03320706165220766,0.03367545064718614,0.0359062916478544,0.036293913599702195,0.03821830576065998,0.03814824215595387,0.04005401192130564,0.041528839406805046,0.04115898113311155,0.04196763594582674,0.020032104355290892,0.03999651918668054,0.06025084338354315
swedish_baseline_progressivity,20.0,0.39882480526743147,0.327360044717138,0.08280059688402665,1535429445.5728207,337384511.0312479,1872813956.6040688,1872813956.6040688,0.31413633831288457,0.16863547711057825,0.4980256596509218,0.19116992023073281,0.26072959554879566,0.26072959554879566,0.26072959554879566,0.26072959554879566,0.26072959554879566,0.26191807566661185,0.2728664025855933,0.2984427281327263,0.3541201079439571,0.43443310007888736,0.03351448394312338,0.03347572291631435,0.03674929412779542,0.03694309798076323,0.03721979237399181,0.03846009740324136,0.04003642766058219,0.04144225509817328,0.04071208311914655,0.042316618979725856,0.020265039587928788,0.039994742354760644,0.060260093830877444
swedish_baseline_progressivity,21.0,0.39618055889274406,0.32460721711776624,0.08186756841710754,1533308105.8702877,352343697.12667066,1885651802.9969583,1885651802.9969575,0.31414176192140975,0.168254239342148,0.4970829358312374,0.198157434412747,0.26072959554879566,0.26072959554879566,0.2607295955487956,0.2607295955487957,0.26072959554879566,0.2619168877958079,0.27294916342879544,0.297949546762167,0.35456257037987277,0.4342246680270356,0.032301349678027086,0.03328161463053417,0.035868270252531274,0.03627703738119931,0.03786816653652083,0.03861714505523305,0.039673757322257405,0.04154406375532575,0.041064846473315854,0.04221499997687904,0.020008796954907745,0.03988376788861893,0.059842072573688024
swedish_baseline_progressivity,22.0,0.3937760367810592,0.32210228924693973,0.08101178179375619,1533148997.847625,368489170.9137594,1901638168.7613845,1901638168.761385,0.3149480384784695,0.1682122771930128,0.49757210146313136,0.2054814838706756,0.26072959554879566,0.26072959554879566,0.2607295955487957,0.26072959554879566,0.2607295955487957,0.26181450315846094,0.2733566425112751,0.2989979781186873,0.3557131484439857,0.4337002293218915,0.032616585232426144,0.032826200811668524,0.03556532162410296,0.036842622427459594,0.03765157000577521,0.03865299857475776,0.03915045816372754,0.04193561680807258,0.04034545690634404,0.042560162545683906,0.020009183233879776,0.03980960189311377,0.0597442252836177
swedish_baseline_progressivity,23.0,0.39162062244916584,0.3198167564560529,0.08027923512054427,1541162646.3338394,390338042.0350278,1931500688.3688674,1931500688.3688674,0.3178252597128186,0.16864907762937897,0.4959360372599524,0.21470520463926437,0.26072959554879566,0.2607295955487957,0.2607295955487957,0.26072959554879566,0.26072959554879566,0.2618779888739044,0.27290794453058753,0.2986687375738842,0.3575336576635578,0.435214441014411,0.03235800429522878,0.03267473361796908,0.03656452649021201,0.03682585680278311,0.038210110625107915,0.03963020297862121,0.04003403746943925,0.041882500765644974,0.040815733603574184,0.043253650348552254,0.02035392040987248,0.04032805620748394,0.05998194467795057
swedish_baseline_progressivity,24.0,0.3896560713340562,0.3176186047138134,0.07951848943897996,1544253864.3130746,405521048.8575016,1949774913.170576,1949774913.1705756,0.31903824249890067,0.16874181109066932,0.49461343193099405,0.22098551409408043,0.26072959554879566,0.26072959554879566,0.2607295955487956,0.26072959554879566,0.26072959554879566,0.26177139253829307,0.27344429348297206,0.2987752347293415,0.3555819122882875,0.4361051748383152,0.0316762622818463,0.03293238747989524,0.035502870463087616,0.03695368954707168,0.03796498933626389,0.03871961377079695,0.040491667906131464,0.04159679604753687,0.041464940910313275,0.04299201208524525,0.02024104110027176,0.03998824810966735,0.06002407746366762
swedish_baseline_progressivity,25.0,0.387945514838568,0.3156620906865859,0.07887598250996865,1539256219.3602722,424878377.6133431,1964134596.9736152,1964134596.9736154,0.31828558982521193,0.16779769811953238,0.4956254853326989,0.22949504335744372,0.26072959554879566,0.26072959554879566,0.26072959554879566,0.26072959554879566,0.26072959554879566,0.26175029587779164,0.2728681406870194,0.29821280466977523,0.35534775085460435,0.4357562032655699,0.03168125600924354,0.03225152741966152,0.03562733881829714,0.03634900018901993,0.03730069945447778,0.03911286826020249,0.040660906654046904,0.04145687282966838,0.041950312797726014,0.04336216614849744,0.0201770281723297,0.040029619561346555,0.05974471661362902
swedish_baseline_progressivity,26.0,0.38638580735344696,0.3138474652513363,0.07822808382198668,1540628970.2172298,442909354.3657282,1983538324.5829582,1983538324.5829582,0.31877731518441066,0.16754421523558483,0.49391672325628866,0.23680324698726313,0.2607295955487957,0.26072959554879566,0.26072959554879566,0.26072959554879566,0.26072959554879566,0.26183157519613387,0.27341512455557415,0.29797999049607715,0.3563771213246842,0.435443457973994,0.03161454675114985,0.03236335936711745,0.035415836837030465,0.03599575769552567,0.037110841947221855,0.038883440235958786,0.04040766569749063,0.04214950320934136,0.04177086760215984,0.0437062201429759,0.020146540078970987,0.03984533033210912,0.06008515575015665
swedish_baseline_progressivity,27.0,0.38497041962062917,0.3121930481397292,0.07758138261743154,1540244676.053815,461877389.1216837,2002122065.1754985,2002122065.175498,0.3182920014784387,0.16668356548556185,0.49416945659481715,0.24439524685420044,0.2607295955487957,0.26072959554879566,0.26072959554879566,0.2607295955487957,0.2607295955487957,0.2619587133662062,0.2731256004797743,0.298376967022066,0.353997691050574,0.4358448077495448,0.03161564425949348,0.032798816071891695,0.03556257300874648,0.03609746462498002,0.03726271412758165,0.0390010747271444,0.040066925575072264,0.041684658842137186,0.04169814416297157,0.043795852628794096,0.019906610829769848,0.0401317281961095,0.059812611960616206
swedish_baseline_progressivity,28.0,0.38383958733354384,0.31075193918661886,0.07713470658893565,1544610256.9946814,484691800.3970174,2029302057.3916988,2029302057.3916988,0.3178866717793214,0.16563730457302084,0.49795597829361626,0.2530047378535202,0.2607295955487957,0.26072959554879566,0.2607295955487956,0.26072959554879566,0.2607295955487957,0.2619987037228586,0.2733993059381741,0.29888308683336023,0.35570008261299535,0.4357167075495556,0.030314135256790435,0.03227267426532826,0.03469266314782739,0.03623225051355519,0.03702441761341402,0.039058683473813784,0.0400658912145604,0.041964845675389356,0.042297801744594105,0.04439681111103272,0.01982964419230014,0.03989586193128185,0.05988632026041299
swedish_baseline_progressivity,29.0,0.38283361197268406,0.3094364896586894,0.07670299097642057,1532607361.2905912,503781859.2613478,2036389220.551939,2036389220.5519385,0.31537176401114797,0.16408083540834872,0.4982500458330559,0.26128948835735655,0.26072959554879566,0.2607295955487957,0.2607295955487957,0.26072959554879566,0.2607295955487957,0.2618705190785827,0.2733055732590942,0.29889632675632305,0.35550890061444584,0.43376948868520526,0.030450299038887373,0.031820819745205536,0.03480864566714563,0.03584985624654672,0.036700956428529774,0.03903742053960783,0.0402716869387312,0.04235790597888489,0.0421207541422165,0.04426589156335636,0.019487326489386357,0.039878485870979315,0.06012838523646231
swedish_baseline_progressivity,30.0,0.38197083727820647,0.30824114401538294,0.07624120267234513,1537225540.0543256,527660605.1995686,2064886145.253894,2064886145.2538943,0.3164322566102815,0.16363150261649806,0.4962130661882451,0.26999293229593957,0.2607295955487956,0.26072959554879566,0.2607295955487957,0.26072959554879566,0.26072959554879577,0.26176273753150936,0.2731767233762555,0.29738678244293054,0.35548529098235643,0.43513791497167487,0.029633805654483994,0.03302067180959139,0.03441122989584592,0.03639037607654248,0.03672618340101358,0.03911069211263312,0.0403931844744162,0.04217591439317369,0.04254416642455581,0.044996278467775444,0.01994144165863159,0.039968775113777194,0.06007780572108922
swedish_high_progressivity,1.0,0.5597924409254684,0.45666254424976793,0.12389791460895441,1337957731.5341566,115024697.3406164,1452982428.874773,1452982428.8747733,0.2456559284321045,0.12195533921202406,0.6237710506428162,0.07913933544829244,0.21104919110268436,0.21104919110268436,0.21104919110268436,0.21104919110268436,0.21115343316805987,0.21813891343407996,0.25406819356697125,0.3088584584038609,0.36923286907086195,0.45502327259602776,0.0383026743207178,0.03784584342272458,0.03810101919210348,0.03810652050385528,0.038040776580262885,0.0377162165375062,0.0379839653383161,0.03920357006464528,0.03809728843543104,0.038217300151834104,0.020221986413946964,0.040177990271560854,0.06023964544530334
swedish_high_progressivity,2.0,0.5398937278136287,0.4435350135043798,0.11981448553117935,1396161829.335139,122434569.06464802,1518596398.399787,1518596398.399787,0.2609831248425043,0.12749335054215694,0.6074261820435347,0.08258505092593292,0.21104919110268433,0.21104919110268439,0.21104919110268436,0.21104919110268433,0.2110990707951968,0.21854185840710819,0.2603762331693416,0.31657790779082345,0.3785405535565271,0.4665508166265541,0.037714506014145076,0.03805916621451912,0.03737371427303888,0.03723135919362078,0.03837587172768208,0.03790422199488212,0.038098821573233466,0.03847526561320835,0.03764930709074153,0.038011126804897016,0.019721045692608734,0.03996312036339828,0.06016969282668495
swedish_high_progressivity,3.0,0.5222737833586406,0.43154822746968186,0.11599040098425735,1426844233.3751905,130646387.65334228,1557490621.0285325,1557490621.028533,0.27223695147888405,0.13232548541356692,0.590660611101407,0.0871265411547355,0.21104919110268436,0.21104919110268436,0.21104919110268433,0.21104919110268436,0.21108319290350236,0.2184938757018565,0.26221943555099186,0.32244851817582054,0.3866169001929013,0.471214819618978,0.03786439775920135,0.03777505866046397,0.0372330133670373,0.03743916997902083,0.03844657404620324,0.037646617932733634,0.038029638433160914,0.03878760344904689,0.03756523625698973,0.03833271243935425,0.01985932094425842,0.03993616364210337,0.06014200799573843
swedish_high_progressivity,4.0,0.5065564124511166,0.42049889898581716,0.11238260420185432,1453063535.1072083,138408938.6869284,1591472473.7941365,1591472473.7941365,0.2788618161096772,0.1346147710979524,0.5749511382577857,0.0912007511232814,0.21104919110268439,0.21104919110268433,0.21104919110268436,0.21104919110268433,0.2110999795809635,0.2192435955266146,0.26365734767227444,0.3238613138894169,0.3908837071384382,0.4757244030029853,0.037931724243813324,0.037672550833132375,0.037059460435302595,0.036651331954952536,0.03759784309124112,0.03821716281614195,0.038336094062383114,0.03894209025569576,0.03717672722582285,0.038504068081640475,0.019875802216190612,0.039836536024065505,0.05984930497875672
swedish_high_progressivity,5.0,0.4926469547392638,0.4104077993297401,0.10908016579407992,1482196572.1222997,148376986.72184163,1630573558.8441415,1630573558.8441415,0.2868754319828144,0.13752233339202813,0.5684351793180644,0.09643369925702225,0.21104919110268436,0.21104919110268436,0.21104919110268436,0.21104919110268436,0.2110760656932023,0.21897012627692788,0.2644986606852874,0.32870136625127605,0.3967231820296286,0.47964468616009975,0.03640908425230423,0.03777191565646814,0.03688323731575308,0.03597648819779752,0.03782330495261687,0.03819648596856871,0.03800850355807877,0.039152770532574876,0.038065443899486025,0.03885190208506929,0.019571417144069382,0.039726972042543975,0.06010765880672441
swedish_high_progressivity,6.0,0.4802388526565111,0.40112550641038075,0.10617772543087,1504518703.141326,159048728.48361683,1663567431.6249423,1663567431.624942,0.29298590763742993,0.1396942674626429,0.5559388483023493,0.10221592751749531,0.21104919110268436,0.21104919110268436,0.21104919110268433,0.2110491911026843,0.2110625887800246,0.21891870535333025,0.26797031505437807,0.3324222538990706,0.40110044375586246,0.4822426552496549,0.037228004711518194,0.03707088734168897,0.03668810641560707,0.036761464825163855,0.038213191663486024,0.03838625314270476,0.0387477005965009,0.039680009576295146,0.03796603610683573,0.039110149480481846,0.019947276691774627,0.039991289420053165,0.06023813823839863
swedish_high_progressivity,7.0,0.46906055917124023,0.3925218440090304,0.10336802047376069,1526166251.5961318,168653632.87938064,1694819884.4755127,1694819884.475512,0.2987231086373554,0.1417961938700325,0.5447910667515037,0.10719320993066989,0.21104919110268436,0.21104919110268436,0.21104919110268433,0.21104919110268436,0.21105447962869991,0.21975020378823162,0.27128448196062194,0.33565908549930784,0.40295605676365115,0.485109530937786,0.03631365297614099,0.03675868764475255,0.03673876359377978,0.0371537549100959,0.03814346404685911,0.0386523360518606,0.03909551279204723,0.039677589367669186,0.03824934379718934,0.03945748320915659,0.019992693141172847,0.04012603366521396,0.0600265225631665
swedish_high_progressivity,8.0,0.4591707964627354,0.3847775181091717,0.10092721698238223,1535083485.8062713,180288695.68496025,1715372181.4912314,1715372181.491232,0.30203269438431923,0.1429230463889537,0.5408384816672576,0.11358666144388133,0.21104919110268436,0.21104919110268433,0.21104919110268436,0.21104919110268439,0.21105853601234062,0.21952370628812704,0.2713235094003851,0.33727261867917174,0.40470607268794007,0.48635585167576023,0.035935820891663514,0.03673736375010112,0.0371709884784796,0.03666154385802912,0.03793603338120012,0.03821421508923852,0.0391119659809815,0.03967976029339743,0.03854066326480044,0.04005818758323555,0.02018184128594643,0.03991249573887337,0.060178852541791075
swedish_high_progressivity,9.0,0.4503220870357849,0.37762378049451617,0.0987889893763974,1550330227.5073552,192674279.7059615,1743004507.2133167,1743004507.213317,0.3041145331549049,0.1431052102695709,0.5339892573856648,0.1199094331306559,0.21104919110268436,0.21104919110268439,0.21104919110268433,0.21104919110268436,0.21106506328237856,0.21990670367728837,0.2721977358069176,0.33905666174709753,0.40725146410120777,0.4878741772308145,0.036256101670253844,0.03643739234167623,0.03643778229798327,0.03704378497896763,0.03769728072086148,0.03848836587982993,0.04009180293897463,0.039951036748451886,0.039651635405759264,0.040101510453616755,0.020450597771310003,0.04013468283254331,0.060274476562014206
swedish_high_progressivity,10.0,0.4421820209124767,0.37085769396831314,0.09664765441688854,1558828205.3783472,200357009.5510978,1759185214.9294448,1759185214.9294453,0.3064961886333517,0.14381922070626474,0.5239439864441569,0.12387066950608508,0.21104919110268436,0.21104919110268433,0.21104919110268433,0.21104919110268433,0.2110584398284476,0.21966821507633882,0.27113726469024957,0.3395451586534628,0.4111539170544595,0.4884674859119239,0.0349430222959018,0.03606478646319967,0.037004188911337624,0.03704723216629526,0.03748539144757964,0.038427530012789445,0.03921115463892738,0.040355237904465595,0.0392000219005542,0.03945362972311848,0.020088115533104713,0.03977900348423166,0.06022657512192469
swedish_high_progressivity,11.0,0.43499669811349917,0.36482045360411325,0.09482760186749033,1560586916.1459286,214525466.40551072,1775112382.5514393,1775112382.5514395,0.3076620458488575,0.14406343185064907,0.5227382830172458,0.13136901670828235,0.21104919110268436,0.21104919110268433,0.21104919110268433,0.21104919110268439,0.21110189488947456,0.22017895934661846,0.27105353274814603,0.33900674716133133,0.40915681843831375,0.48943841793429915,0.034996820594405134,0.035958555626847084,0.03642855270480504,0.03733127629473667,0.0375457622181751,0.03885901456135112,0.039664173102134555,0.04057513790318223,0.038969168208289794,0.040303809759183025,0.020119667052293993,0.040116170114408045,0.06005591750371835
swedish_high_progressivity,12.0,0.42837328350479886,0.3590984323263259,0.09296020167413559,1569833048.5689273,225125940.07560363,1794958988.6445312,1794958988.6445317,0.3099672833634286,0.14466866551599544,0.5157374630048692,0.1367477092043542,0.21104919110268436,0.21104919110268433,0.21104919110268436,0.21104919110268436,0.21105998842907947,0.2207995415303013,0.2732340519657036,0.33963094686231754,0.4108921369901169,0.49029468612916205,0.034560796582119385,0.03582329847058459,0.036895742695168314,0.036559563634920834,0.037207032035837424,0.039389473954028684,0.0395952751950315,0.04059136501436798,0.03967203157437456,0.0402091442907105,0.020167130808008346,0.04004094132273818,0.06010835844485181
swedish_high_progressivity,13.0,0.4223306420243911,0.3537457723245866,0.0912464344019062,1572479756.3830378,236341223.3967311,1808820979.779769,1808820979.7797685,0.30977478232880484,0.14421485080164986,0.5124638837160729,0.14237866937246818,0.21104919110268439,0.21104919110268439,0.21104919110268436,0.21104919110268433,0.21111986917243017,0.22130278690739785,0.2727769464726633,0.3409112243637114,0.4101926884183901,0.49052931804874,0.033684768473518735,0.03500932313534278,0.036155237377867744,0.03692524521110828,0.037546480573461154,0.03870254375025999,0.03982695312652779,0.040970109787967786,0.039877750005962755,0.03993567443600168,0.019937959080983416,0.03965304620873362,0.060489543556531765
swedish_high_progressivity,14.0,0.41683050294430113,0.34882402497389026,0.08967227333085524,1574281554.522662,250635381.13234946,1824916935.6550112,1824916935.6550105,0.3102733787568499,0.1439146277269956,0.5072928662730269,0.14964377294386041,0.21104919110268436,0.21104919110268436,0.21104919110268436,0.2110491911026843,0.21110994380255854,0.2208382719063955,0.27430064044287134,0.339440973895302,0.40984307573399176,0.4911061645394813,0.03405404177447781,0.03526053618066591,0.036151814039655644,0.037312656573207544,0.03780672849083631,0.038709929429090705,0.04023183504592721,0.04104100029077936,0.040259018382169276,0.040638059934674176,0.020171654148460415,0.0401041138242041,0.06042608792906745
swedish_high_progressivity,15.0,0.4119429446741485,0.34443081815247384,0.0883045035511191,1586949929.0371335,263963186.6146076,1850913115.651741,1850913115.651741,0.3138506610471419,0.14496540236664512,0.5084443617116015,0.1559171819363507,0.21104919110268439,0.21104919110268433,0.21104919110268436,0.21104919110268436,0.21108578095766153,0.22131838142889845,0.2749845130399616,0.34063196797008977,0.41119493198743895,0.49278987530753043,0.03393567989368998,0.03459630520086822,0.03628190058819984,0.03684600249008076,0.03782039327518201,0.0380473758243915,0.03945072713329402,0.040517717448349276,0.03996114320857208,0.04137091528983275,0.019992469476931073,0.03987064126021941,0.05995843692146039
swedish_high_progressivity,16.0,0.4074179525102706,0.3402669667807053,0.08700469898791084,1585997593.3710446,275842459.8896142,1861840053.2606587,1861840053.2606585,0.31321140542260717,0.1444687202085062,0.5025934255323077,0.1617983898098518,0.21104919110268433,0.21104919110268436,0.21104919110268433,0.21104919110268436,0.21113710098039548,0.22136213468515023,0.2755564027735693,0.3408782408974864,0.41217887899626343,0.49207952307359537,0.034089494825233095,0.03428025483109198,0.036464942250363584,0.036302707319104274,0.037306977537496226,0.038987128609598645,0.03949619591492619,0.04087186969514131,0.03988431887889261,0.040808730313516436,0.01999235210810314,0.03985661712942259,0.05982528369162884
swedish_high_progressivity,17.0,0.4033892242003929,0.3364870458152285,0.08584566367980721,1582749095.8835096,293252060.39101416,1876001156.2745237,1876001156.2745233,0.3119934753921958,0.1434136588605095,0.5020888405755495,0.17046295845773463,0.2110491911026844,0.21104919110268439,0.21104919110268436,0.21104919110268433,0.21111362011295925,0.22087768934170143,0.2756085916067142,0.3429090526073364,0.4122339303079037,0.49115750099513145,0.034024986097283126,0.03395662281877129,0.03613181184375251,0.03698238080678194,0.037507702034460466,0.039039165351779155,0.039458641300532116,0.041306484981227146,0.0410520443720114,0.041595141560572486,0.020191827796354346,0.04016231599520861,0.060043246015316416
swedish_high_progressivity,18.0,0.39972295771501365,0.3329991480548987,0.08478174231151978,1580273881.3120797,306231458.6621752,1886505339.9742548,1886505339.974255,0.31108129031416376,0.14272358452419587,0.500289500629379,0.1767347217114183,0.21104919110268433,0.21104919110268436,0.2110491911026843,0.21104919110268436,0.21111241885533158,0.22209768755146073,0.2766336851463273,0.3414520063019973,0.4110653587719743,0.4909993716491279,0.032801359767188766,0.034212488444164406,0.035940410429117414,0.036530404009670406,0.03724555427303163,0.038321205278422754,0.040722660788120806,0.040991659834260646,0.04045304268869792,0.04155423974984451,0.0198813895141105,0.03998685369893968,0.059807118087602626
swedish_high_progressivity,19.0,0.3964307069544555,0.3297346288949072,0.0838140205275107,1577838383.1569912,322940682.4580219,1900779065.6150131,1900779065.6150131,0.3119062879460761,0.142573541494053,0.4995650477050215,0.18474166393302838,0.21104919110268436,0.2110491911026843,0.21104919110268439,0.21104919110268433,0.21110047130921464,0.220651920767811,0.2732604278463779,0.33973546146078165,0.4109476151945109,0.4916712610010014,0.03298068727377458,0.03368080832481835,0.036292947934025335,0.03601661423728413,0.037449199468272396,0.03825474749255878,0.04060145653786228,0.04154296303966247,0.04147864399015504,0.04186066557219989,0.020032104355290892,0.03999651918668054,0.06025084338354315
swedish_high_progressivity,20.0,0.39333893039562207,0.3266695309406764,0.08280950494329256,1583921006.066804,337439507.80452716,1921360513.8713312,1921360513.8713312,0.31413633831288457,0.1431804833861139,0.4946697870911205,0.19119526155329797,0.21104919110268439,0.21104919110268436,0.21104919110268436,0.21104919110268436,0.21108355821931818,0.22100947602200013,0.2732651909101638,0.3414143204063786,0.41025899995876386,0.49271200254001807,0.03337593764638941,0.03350861628314686,0.036952229280014015,0.03655610234532817,0.03697436044223166,0.03839710911328352,0.040307009555397684,0.041431357288375985,0.04136779300217716,0.041999358646513,0.020265039587928788,0.039994742354760644,0.060260093830877444
swedish_high_progressivity,21.0,0.39057447503236653,0.3238534070520012,0.081874234559512,1581320497.646511,352355516.6692344,1933676014.315745,1933676014.3157454,0.31414176192140975,0.14297519358662214,0.49367489175373414,0.198163403609612,0.21104919110268436,0.21104919110268433,0.21104919110268436,0.2110491911026844,0.211144324105793,0.22102160514748717,0.2737264097261996,0.34038637909424485,0.41075818834800204,0.4923035319679671,0.032116677391552426,0.03367317139517391,0.035754769631397676,0.03615966054630103,0.03729241173431238,0.03858627844899561,0.03995282407237796,0.04178838531829531,0.041284749848897545,0.042102322674519896,0.020008796954907745,0.03988376788861893,0.059842072573688024
swedish_high_progressivity,22.0,0.3880632343186514,0.32128434332867656,0.08101976873201414,1582890049.9763613,368486108.76132387,1951376158.737685,1951376158.7376847,0.3149480384784695,0.1428904781985616,0.4940768696969702,0.20548039413123664,0.21104919110268436,0.21104919110268436,0.21104919110268439,0.21104919110268436,0.21107222655826238,0.2203963492098957,0.2753261369615569,0.3426629473355022,0.4120562764203346,0.49185601534171214,0.03224465033427595,0.03328371066756405,0.03515283972554461,0.03657906480803415,0.037352808746354695,0.038507232210275924,0.03944935753597433,0.042251378482652424,0.04092484429224098,0.042401106297101164,0.020009183233879776,0.03980960189311377,0.0597442252836177
swedish_high_progressivity,23.0,0.3858109034640147,0.3189482062346545,0.08028820360546257,1591096465.6190853,390401475.63925374,1981497941.258339,1981497941.2583394,0.3178252597128186,0.14340283026296863,0.49248981490929555,0.21473265031907032,0.21104919110268439,0.21104919110268439,0.21104919110268436,0.21104919110268436,0.21106332992588325,0.22066337642896808,0.2735378258664079,0.3414553104578964,0.41410596789854803,0.49328023523023784,0.031910838315557286,0.033220956787382586,0.03634360696073111,0.03634395028640401,0.03777555284142006,0.03958581467159733,0.040464999547241975,0.04220294288516703,0.04130077431475631,0.043099920386875046,0.02035392040987248,0.04032805620748394,0.05998194467795057
swedish_high_progressivity,24.0,0.38375427016026586,0.3166991752278916,0.07952392460607587,1595654221.4299593,405527072.887977,2001181294.317936,2001181294.3179352,0.31903824249890067,0.14343085747645734,0.491001397840938,0.2209878384629844,0.21104919110268439,0.21104919110268433,0.21104919110268433,0.21104919110268436,0.21105810452147766,0.22012303218948298,0.27568890614289765,0.3420033908854891,0.41190821511646997,0.4944022593234485,0.03146025103821296,0.033288559629148694,0.03520414312326589,0.036408704289074535,0.038050673386677315,0.038501352704544176,0.04078621750659934,0.04181312571064649,0.04186779952275219,0.04291440291726692,0.02024104110027176,0.03998824810966735,0.06002407746366762
swedish_high_progressivity,25.0,0.381963024478434,0.3146757030648853,0.07887999656618697,1589172828.599169,424838352.9350363,2014011181.5342054,2014011181.534206,0.31828558982521193,0.1426789895075551,0.49197436968339425,0.2294780628533579,0.21104919110268436,0.21104919110268436,0.21104919110268433,0.21104919110268433,0.21104919110268436,0.2198580114704656,0.2736082582365913,0.341051376456092,0.4116440329861607,0.49396754142298244,0.03129957198824982,0.032809510203510056,0.03500522094080636,0.03619189084998961,0.03712876340856274,0.03907875953727894,0.0404335328823759,0.042432146560515034,0.04193792190706915,0.04343563030248355,0.0201770281723297,0.040029619561346555,0.05974471661362902
swedish_high_progressivity,26.0,0.38033633418430113,0.3127867499542188,0.07823696847652357,1591806973.2803984,442878133.7719945,2034685107.052393,2034685107.0523925,0.31877731518441066,0.142459094717857,0.49018182820516887,0.23679033736382707,0.21104919110268439,0.21104919110268433,0.21104919110268433,0.21104919110268439,0.2110651382967786,0.2204862308257326,0.27550151954199703,0.34101360378711876,0.4128053740293278,0.49374482989829044,0.031244917011694597,0.032696409566356575,0.035102931465367804,0.03582843025714847,0.03685502294679965,0.038510277293733776,0.04059820452104633,0.04281028606728101,0.04217920134067238,0.04359235901587123,0.020146540078970987,0.03984533033210912,0.06008515575015665
swedish_high_progressivity,27.0,0.3788592368318493,0.3110658422393882,0.07758521977143538,1590810119.7933095,461899377.06890523,2052709496.8622146,2052709496.8622143,0.3182920014784387,0.14170797421005488,0.4904308010251557,0.2444038278450742,0.21104919110268439,0.21104919110268436,0.21104919110268436,0.2110491911026844,0.2110597843851244,0.22101105623508552,0.2746652404342941,0.34126918451643673,0.4101208885918702,0.49422022653424075,0.03144668091343078,0.033118832751471775,0.03506247159028436,0.0357961223578295,0.03680404540366881,0.03898417825164506,0.040435037022380646,0.04217815981961003,0.041976885378659116,0.04378145453983275,0.019906610829769848,0.0401317281961095,0.059812611960616206
swedish_high_progressivity,28.0,0.37767343621890315,0.30955152879634656,0.07712791416719178,1595996746.6217055,484627830.12550676,2080624576.7472124,2080624576.7472124,0.3178866717793214,0.14073020486188081,0.49424747728207397,0.25297921312356025,0.21104919110268436,0.21104919110268439,0.21104919110268433,0.21104919110268436,0.21108789106171122,0.22139098154947812,0.27553107938395116,0.342172944007489,0.41204153548280714,0.49405065851712143,0.030038372200325153,0.032293822185993165,0.034677363514413306,0.036104816199247186,0.03682257967947407,0.03866312382855853,0.0402230895691106,0.04257664965854751,0.04269958437149954,0.0442207728091366,0.01982964419230014,0.03989586193128185,0.05988632026041299
swedish_high_progressivity,29.0,0.3766266892283172,0.3081540489977603,0.07669587541572528,1582316736.509086,503811919.00548875,2086128655.5145745,2086128655.5145743,0.31537176401114797,0.13939504024550486,0.49456079842233014,0.2613014951924747,0.21104919110268436,0.21104919110268436,0.21104919110268436,0.2110491911026843,0.2110726780526311,0.22067101919686188,0.2749053941040642,0.3422282578303538,0.411825842971623,0.49202013343870715,0.03004312134075952,0.032176867473380596,0.03475545601957642,0.03579520200500681,0.03608915778786775,0.03888905866446137,0.0405256032000305,0.042800241671389655,0.04250689712461042,0.044102631002028755,0.019487326489386357,0.039878485870979315,0.06012838523646231
swedish_high_progressivity,30.0,0.3757320557306427,0.3068965100787365,0.07623467783846198,1586129499.9765801,527748278.16118073,2113877778.1377606,2113877778.1377606,0.3164322566102815,0.1390828559627315,0.49252040250134144,0.27002602360776146,0.21104919110268433,0.21104919110268439,0.21104919110268439,0.21104919110268436,0.21108235803274375,0.22017727551354305,0.27442070676661984,0.33948886179667936,0.4117991257979011,0.493272540644917,0.029480142419351592,0.03304508671258026,0.03418046132822314,0.0361657096014014,0.036460248784094415,0.038720865336962236,0.04087688357485752,0.04288442545473294,0.04259595770251479,0.04499272179531334,0.01994144165863159,0.039968775113777194,0.06007780572108922
